Date,yhat,yhat_lower,yhat_upper
2023-01-12,7897.58238841058,7602.201863719406,8182.22735808742
2023-01-22,7349.775992157204,7045.074151020006,7656.660584589096
2023-01-23,7386.385641571102,7084.040956224029,7679.143765457467
2023-01-24,7457.405021954112,7137.101559006986,7744.327807008856
2023-01-25,7497.970554324756,7201.3457129396475,7806.622710854394
2023-01-29,7395.379242778102,7129.03563018278,7688.965148186525
2023-01-30,7460.429361128884,7164.151345792264,7734.645129613205
2023-01-31,7556.718477369618,7234.493466346521,7843.300962078098
2023-02-01,7619.292554181237,7296.154838220419,7881.468615060566
2023-02-02,7636.397164496222,7335.004137752956,7915.984355060886
2023-02-05,7572.6862740295755,7288.073769627422,7881.7052946096155
2023-02-06,7644.388930008048,7344.976787704556,7952.688275503096
2023-02-07,7744.835667711372,7450.981157810918,8044.491772489589
2023-02-08,7809.359449051614,7524.652701876266,8087.849709924997
2023-02-09,7826.516427346099,7545.055241814169,8132.906121070397
2023-02-12,7754.846032408616,7471.9390098013355,8055.769078177711
2023-02-13,7822.270455941213,7540.994007011847,8105.636129379392
2023-02-14,7918.133092288629,7639.065210021697,8185.166128593028
2023-02-15,7978.0351202443535,7700.557479961314,8271.601857336404
2023-02-16,7990.768296174752,7698.2531641749765,8291.478610926786
2023-02-20,7974.139498276339,7673.405491335103,8263.916440436999
2023-02-21,8068.6890853122795,7773.360490983897,8355.48904706864
2023-02-22,8128.018383089148,7847.731308685092,8434.358116834459
2023-02-23,8140.859002055262,7829.68711612763,8426.58471812017
2023-02-26,8062.144922386475,7787.815557652867,8367.519633337151
2023-02-27,8129.043642692641,7818.926017851336,8417.012952852972
2023-02-28,8225.055157403118,7921.983340211053,8539.613102020472
2023-03-01,8285.55486905085,7983.949798078369,8565.01142365654
2023-03-02,8299.064845186022,8008.953932073034,8573.25245106028
2023-03-07,8372.344467181263,8084.0043729816225,8660.79440477765
2023-03-08,8426.718175338734,8133.381469592387,8711.595689143973
2023-03-09,8432.550018052401,8122.780565788843,8719.485182161738
2023-03-13,8368.057123474357,8031.234153195463,8667.793437784692
2023-03-14,8444.174561587455,8130.852979730207,8749.144807782992
2023-03-15,8482.073155266255,8193.521848401948,8775.174328221168
2023-03-16,8470.375755996954,8188.476027943769,8759.550597808093
2023-03-19,8299.31531471427,8019.063739890038,8592.193454937098
2023-03-20,8329.508605634272,8009.935565130019,8625.713645379203
2023-03-21,8386.18915361334,8088.621878066333,8687.811616521314
2023-03-22,8405.035149669133,8122.611216220226,8721.298799853417
2023-03-23,8374.933055859481,8099.328327112705,8690.689732745492
2023-03-26,8155.063023842269,7849.555670828625,8456.837369350627
2023-03-27,8171.890564250393,7878.568920736555,8467.926251844237
2023-03-28,8216.994000280103,7933.236467521757,8503.022982479073
2023-03-29,8226.21802500943,7944.9427222425375,8542.399043180796
2023-03-30,8188.58854770994,7898.829645487704,8515.494869238366
2023-04-02,7959.660130553517,7671.782096099138,8246.995278261053
2023-04-03,7978.143068631418,7683.385671618111,8292.410568030644
2023-04-04,8027.246427382264,7736.498106036606,8314.168472551146
2023-04-05,8042.77436654571,7746.4818972627445,8358.865731940828
2023-04-06,8013.683862688567,7733.147999152924,8296.221501610804
2023-04-09,7822.701000852396,7513.241069645772,8132.9648626767175
2023-04-10,7857.464161846429,7555.288520262431,8140.569045118538
2023-04-11,7924.373658166618,7605.51948279022,8213.670028927863
2023-04-12,7959.033983590622,7644.469745443752,8249.749165531557
2023-04-13,7950.188707616245,7669.900937237997,8243.856309077433
2023-04-16,7824.329788558734,7520.788979890339,8105.052173433769
2023-04-17,7881.466096839434,7592.031309105381,8171.308430766163
2023-04-18,7970.673471408035,7662.822440365545,8269.593870982282
2023-04-19,8027.3110850186595,7743.568806926914,8319.239870657382
2023-04-20,8039.879905609952,7773.698633902044,8334.06456610697
2023-04-23,7972.544333232257,7674.35282274915,8275.974973655566
2023-04-24,8046.545770250328,7770.581182108032,8330.469397387415
2023-04-25,8150.957886430852,7858.662789456154,8457.659844193464
2023-04-26,8220.95821342929,7924.3139362119855,8539.232877552115
2023-04-27,8244.883450062762,7922.044034467059,8540.54255967997
2023-04-30,8198.23847518364,7909.92176768219,8501.888851137257
2023-05-01,8274.34398523482,7974.196422937866,8551.82293595546
2023-05-02,8378.360078014894,8065.907255235341,8674.948356012539
2023-05-03,8445.443040323367,8148.856146495509,8739.065227804744
2023-05-04,8463.937417485475,8149.495940831252,8729.405541094651
2023-05-07,8386.450910311543,8098.037183274071,8672.574679659063
2023-05-08,8447.757325941737,8170.409754333473,8747.405022712808
2023-05-09,8534.956858765045,8251.644702213362,8820.792091574638
2023-05-10,8583.395083174306,8310.632890477915,8905.335488353645
2023-05-11,8581.633341765306,8269.978560191768,8880.568944909335
2023-05-14,8319.719736419698,8034.593077776372,8624.324470161942
2023-05-15,8318.118431542152,8044.834207022904,8620.817932599819
2023-05-16,8342.205737271775,8041.778202847105,8648.819269496069
2023-05-17,8327.64855331184,8027.262352893712,8607.607587892058
2023-05-18,8263.332736408049,7966.116966857972,8551.954850171664
2023-05-21,7936.116940670671,7642.179261468795,8239.18196513557
2023-05-22,7915.700977221528,7648.913833365803,8205.892526636633
2023-05-23,7922.908167471572,7616.1261937483305,8234.716582110597
2023-05-24,7893.642630728412,7602.473850781865,8189.029226196821
2023-05-25,7816.995960268727,7532.588449402726,8104.620524687998
2023-05-29,7446.622404821484,7141.007131793079,7726.050500055066
2023-05-30,7455.125849814706,7171.844477477654,7750.559614357659
2023-05-31,7429.928488858821,7128.9750614777895,7721.878586585689
2023-06-01,7360.03275729208,7074.871446617201,7659.907198588649
2023-06-04,7046.412962300687,6737.785033286304,7344.801691306954
2023-06-05,7040.233511247871,6763.372399806533,7344.434372572234
2023-06-06,7066.132597423613,6767.528412606184,7335.592305916242
2023-06-07,7059.668243871727,6756.439916286314,7350.762997738836
2023-06-08,7009.521935570876,6712.892852260049,7296.064371602429
2023-06-11,6757.8836399258325,6472.231838489174,7050.9744836036725
2023-06-12,6772.147558396344,6487.153033902654,7049.445318392711
2023-06-13,6817.836976366616,6528.7460893047755,7118.889870682216
2023-06-14,6830.208283170498,6527.668452994398,7132.473057971555
2023-06-15,6797.666245285324,6502.012272229077,7095.545994595299
2023-06-19,6614.003996502039,6300.175336117868,6919.459836223832
2023-06-20,6668.185493006132,6364.171658364181,6951.649587701948
2023-06-21,6686.919515055376,6392.741147015281,6978.230267285772
2023-06-22,6658.610717435642,6364.3064280986355,6949.41274575467
2023-06-25,6450.671247070655,6150.568991159341,6729.807679846103
2023-06-26,6472.0651469219665,6187.870334577096,6779.3664034935255
2023-06-27,6521.273954974004,6207.397473263169,6801.928517380224
2023-06-28,6533.7268168566325,6231.47773474153,6847.497579283024
2023-06-29,6498.066667327895,6192.8262103916795,6805.647619605564
2023-07-02,6264.226641775346,5959.377867827527,6557.374854550794
2023-07-04,6316.986915517147,6006.317602395877,6613.8666335612215
2023-07-05,6321.102037886777,6019.871232371005,6626.124739738628
2023-07-06,6277.794101397094,6016.563153925002,6567.6954631070785
2023-07-09,6316.592336808071,6011.292780694107,6602.94090210426
2023-07-10,6422.284567507551,6115.867171635085,6725.062985938964
2023-07-11,6557.397994316393,6269.660545216421,6882.311226361633
2023-07-12,6657.64065949829,6355.505353941817,6947.4940149090135
2023-07-13,6711.881161301737,6418.07749747656,7030.456177606595
2023-07-16,6761.807612646185,6482.374664506286,7046.8118195686375
2023-07-17,6873.617418492145,6584.488680181531,7147.440784256884
2023-07-18,7015.847292179501,6727.534569653246,7319.992034810075
2023-07-19,7124.0537506334385,6843.051374891863,7433.870763048101
2023-07-20,7186.940979019128,6911.6204831387395,7461.319330137136
2023-07-23,7265.1639858236485,6986.965020197614,7560.7846922411945
2023-07-24,7386.610427100014,7077.241374843767,7670.521836891386
2023-07-25,7538.303384283582,7261.044206381493,7835.038592447384
2023-07-26,7655.6508652219,7345.903685156568,7955.694291484651
2023-07-27,7727.224447773778,7435.3714997486195,8021.377318068151
2023-07-30,7827.740780254247,7527.298763679795,8117.70360447588
2023-07-31,7955.124152209336,7669.678186839689,8247.659587360298
2023-08-01,8111.943432870593,7808.332587818906,8384.962228059912
2023-08-02,8233.601804407626,7922.379137601682,8515.109778940523
2023-08-03,8308.68691570451,8011.1194433934525,8602.36035059041
2023-08-06,8415.378559811974,8113.20739153972,8675.774124425201
2023-08-07,8543.588826312121,8253.520688691362,8854.014062339984
2023-08-08,8700.75853658329,8409.660653668216,8995.394201331193
2023-08-09,8822.385436311795,8538.95207938619,9125.888077248605
2023-08-10,8897.154866467992,8611.428586774604,9201.632329968123
2023-08-16,9408.167958020651,9124.609470785414,9709.131529205772
2023-08-17,9483.077745085355,9196.321253895336,9770.040832072295
2023-08-20,9590.486307819907,9298.295492155174,9894.141658468894
2023-08-21,9719.704821715817,9431.359747415045,10012.265145413934
2023-08-22,9878.39887161013,9595.218563403,10174.763923030292
2023-08-23,10002.116109164846,9717.186502183209,10285.670245122841
2023-08-24,10079.572780303275,9774.347558161948,10369.109928488802
2023-08-27,10196.267711055329,9893.72999938465,10498.06509352945
2023-08-28,10329.015852249919,10035.120013649397,10610.432301505389
2023-08-29,10491.396980475001,10203.963262404768,10793.015993951634
2023-08-30,10618.92435077568,10286.96049198287,10919.903801891043
2023-08-31,10700.282246645753,10425.582695055202,10995.598325382804
2023-09-04,10965.719952696016,10659.813151844028,11240.610637684726
2023-09-05,11027.83671479803,10742.551329958227,11350.131642104763
2023-09-06,11055.070546469013,10758.015678554852,11340.295485638668
2023-09-07,11036.094934703613,10745.943271229211,11315.809478949432
2023-09-10,10863.420526415195,10535.139781162325,11179.521390839664
2023-09-11,10899.570724868336,10605.43501531515,11211.422788127114
2023-09-12,10965.224130627448,10676.82205667565,11257.517566645145
2023-09-13,10995.85488284833,10703.002716565692,11264.7633126498
2023-09-14,10980.103235124725,10689.53480448633,11264.917126267801
2023-09-17,10815.624881982189,10520.750539495815,11112.851592835594
2023-09-18,10853.833727314954,10535.179156235648,11128.34495677007
2023-09-19,10921.102317077119,10611.092523670397,11243.669199617349
2023-09-20,10952.83312419009,10652.216301859195,11246.061368925708
2023-09-21,10937.591717214525,10635.714869050831,11255.32456159354
2023-09-24,10770.355119709715,10491.161523200088,11059.51811428585
2023-09-25,10805.980107728828,10510.049841131928,11096.755725599076
2023-09-26,10869.731753067861,10570.07019318108,11155.622717577598
2023-09-27,10896.967437374595,10584.490183619642,11167.667474379636
2023-09-28,10876.221502354516,10570.381074155766,11161.600529228983
2023-10-01,10686.357542766198,10405.072643147736,10974.008001066553
2023-10-02,10712.48059205159,10393.096269659321,11015.225520406058
2023-10-03,10765.842845807823,10481.553776039787,11052.282045830829
2023-10-04,10781.890040602691,10487.220549271628,11081.307523622525
2023-10-05,10749.266548066926,10474.08029537495,11042.818909679676
2023-10-09,10534.008592769904,10228.248254842523,10836.478537924078
2023-10-10,10574.350235677854,10257.777052566698,10880.780704274484
2023-10-11,10577.70302488986,10279.274493237628,10866.580329775783
2023-10-12,10532.911517262919,10234.07325493366,10818.65242383833
2023-10-15,10273.282373769136,9996.288920831632,10565.21221743452
2023-10-16,10278.092542480956,9983.036694821665,10560.532387738198
2023-10-17,10311.681508722437,10001.94386905139,10590.449391065706
2023-10-18,10309.815883544912,10028.37905670597,10627.198651701556
2023-10-19,10261.436892879421,9985.894416435893,10568.724112402515
2023-10-22,10001.3445066964,9708.623210935431,10307.981034388564
2023-10-23,10009.442476521866,9737.912846976684,10293.14808274754
2023-10-24,10047.962129136247,9737.580525172916,10346.983691397592
2023-10-25,10052.574786608939,9787.189309307952,10371.595673325999
2023-10-26,10012.09663464112,9715.47292878611,10293.971019625793
2023-10-29,9854.586485757778,9559.95187365001,10150.314100796659
2023-10-30,9898.538067656784,9621.436209649419,10176.10023540335
2023-10-31,9973.38797329048,9688.947250174197,10276.510733795398
2023-11-01,10014.587740252233,9708.496266674076,10301.925079085593
2023-11-02,10010.736538960207,9743.521771322305,10295.33839535828
2023-11-05,9889.362834205827,9578.37168502489,10187.002810164917
2023-11-06,9944.192543146435,9629.683941698293,10231.741628751377
2023-11-07,10029.110630920804,9726.31049695438,10322.337773706096
2023-11-08,10079.478598531221,9794.520940934499,10386.870970359405
2023-11-12,9981.355392955691,9703.769474315162,10284.237270556836
2023-11-13,10040.73897500057,9725.421519283696,10331.89885874005
2023-11-14,10129.510035914445,9838.518907041978,10423.825580390516
2023-11-15,10183.175861948253,9866.828142042166,10447.383065687518
2023-11-16,10190.448654895416,9914.054978834421,10484.924584959475
2023-11-19,10096.287411863043,9811.895706316962,10404.967231246377
2023-11-20,10158.972088044466,9860.715116474194,10461.274016252723
2023-11-21,10251.628284409935,9955.656647378215,10545.3628110089
2023-11-23,10322.746611432078,10025.766611766063,10613.143850223034
2023-11-26,10251.563470992405,9961.399453461745,10548.997778806448
2023-11-27,10324.139988905703,10032.107579303087,10629.770222190682
2023-11-28,10427.743865900695,10155.188851742383,10720.12644933247
2023-11-29,10497.941113988116,10202.020176994953,10811.51923082962
2023-11-30,10523.426585146875,10237.166625450784,10810.329613013851
2023-12-03,10492.57440779202,10198.629200634668,10780.436757971875
2023-12-04,10578.352192161294,10280.408050108901,10870.866778392503
2023-12-05,10694.436347658302,10388.995336657252,10982.528978694563
2023-12-06,10775.991579679681,10467.299950449276,11064.697295693675
2023-12-07,10811.295408190043,10522.096542209058,11094.62783713925
2023-12-10,10796.447944925947,10503.189751735992,11080.819555370095
2023-12-11,10881.730986025863,10586.624009018222,11183.483034028457
2023-12-12,10993.797604473923,10720.023729144936,11301.675738851176
2023-12-13,11067.507912534606,10770.00418106804,11373.79661926502
2023-12-14,11090.88805379884,10801.240924979644,11376.812718964078
2023-12-17,11014.24613735797,10710.429492023422,11304.790629384248
2023-12-18,11070.10393218886,10770.65746850074,11368.576980456632
2023-12-19,11148.452416217357,10856.296825418833,11444.99800655712
2023-12-20,11184.346591090469,10904.56716051845,11481.737091203368
2023-12-21,11166.088759658305,10870.572947615718,11446.940956740536
2023-12-25,10948.703209219773,10675.981136485836,11241.583670009724
2023-12-26,10973.0072136187,10668.331313786453,11264.895448619038
2023-12-27,10954.129960665116,10669.950155057855,11262.103655545327
2023-12-28,10881.051860571819,10582.64667698943,11172.033396483836
2024-01-01,10457.78267051652,10191.606937417224,10765.170422076895
2024-01-02,10437.337062360553,10123.70834587412,10719.586745805851
2024-01-03,10377.636562341946,10093.244801706722,10650.206831252823
2024-01-04,10268.19170132224,9968.495795315675,10556.598337424542
2024-01-07,9811.696886871543,9523.017374084871,10093.476325263307
2024-01-08,9752.08552910747,9463.732368966905,10045.877837463617
2024-01-09,9722.871457573381,9435.285777589193,10003.484460665637
2024-01-10,9660.373840697494,9369.082125356568,9935.087895251077
2024-01-11,9554.03684346418,9257.38132771802,9850.672247070122
2024-01-15,9104.967333809303,8823.505912141161,9381.430772972832
2024-01-16,9104.352361344963,8819.976257580125,9417.765759094613
2024-01-17,9074.229809075301,8800.715880565032,9361.778665675689
2024-01-18,9003.473773712281,8692.423809784646,9312.071664402456
2024-01-21,8709.567574772333,8407.137763464647,9005.250739608087
2024-01-22,8716.47410304059,8409.622477892122,9005.521068952454
2024-01-23,8758.178403663895,8467.726419284956,9046.103108409654
2024-01-24,8769.886634419987,8458.946249985669,9067.615121598721
2024-01-25,8739.921973874809,8455.819798617715,9039.483942431649
2024-01-28,8557.388738503634,8249.763149802351,8846.730813243921
2024-01-29,8596.462460104623,8325.168148367753,8868.863007979326
2024-01-30,8667.377377120833,8359.860190011403,8971.069900007844
2024-01-31,8705.159294982881,8397.603199560153,8986.48262472476
2024-02-01,8698.023081615893,8403.955764019944,8994.700413407083
2024-02-04,8564.46101240443,8262.655746573892,8853.272004902394
2024-02-05,8613.659088649241,8305.61828717626,8894.247241450288
2024-02-06,8691.891492804869,8393.031046057687,8974.527812424663
2024-02-07,8734.428975813533,8415.739442967952,9021.589210799453
2024-02-08,8729.766094398945,8423.729379382832,9036.171373926512
2024-02-11,8593.060413049405,8295.769859067317,8877.10236559704
2024-02-12,8638.779766117188,8331.617796694667,8943.857381897495
2024-02-13,8712.855585022979,8417.864128831376,8995.257607299665
2024-02-14,8750.859137084422,8457.074310248572,9020.92883682376
2024-02-15,8741.560461987461,8433.225772367095,9041.912231158578
2024-02-19,8635.329574738334,8328.763189810066,8925.415026552808
2024-02-20,8707.144975002955,8409.871015641978,9006.006583152657
2024-02-21,8743.645736137429,8441.927445277675,9053.856086387974
2024-02-22,8733.593342303699,8420.580402173528,9034.228402689268
2024-02-25,8586.169180316507,8311.52141186031,8886.911623027489
2024-02-26,8630.283464324317,8354.325076873374,8927.843331698137
2024-02-27,8703.63567620519,8410.978045395515,8986.089082331526
2024-02-28,8741.638706452628,8447.00041086407,9033.000020943107
2024-02-29,8732.84924568837,8432.349576630211,9028.701634201947
2024-03-03,8585.699670193062,8299.174656699533,8879.11791914796
2024-03-04,8628.0759841861,8305.20906022368,8922.808883602225
2024-03-05,8698.484587567546,8384.002761943262,8993.271072309211
2024-03-06,8732.197812707516,8433.316934343518,9018.900402495157
2024-03-07,8717.660592872508,8424.836703302553,9000.267368251492
2024-03-10,8543.898666682917,8241.293319240904,8830.070180188126
2024-03-11,8574.252598122897,8276.66526515608,8870.307764988183
2024-03-12,8631.140326720175,8334.954897466512,8903.850868066029
2024-03-13,8649.934413674204,8337.229798874752,8926.79572670285
2024-03-14,8619.213597296713,8321.225036976391,8894.474279265625
2024-03-17,8391.095112026504,8095.75828966189,8684.916098126942
2024-03-18,8402.110412735385,8091.7542411798,8707.345574916717
2024-03-19,8439.45320523323,8138.691335997645,8723.77198362312
2024-03-20,8438.755790047662,8133.626562589371,8758.170371546474
2024-03-21,8388.861457017141,8093.950166123617,8702.431540978345
2024-03-24,8107.744959144401,7815.997165632098,8418.14356485968
2024-03-25,8103.430368570673,7811.927207039686,8396.950982918055
2024-03-26,8126.989235006372,7838.5042137659175,8411.443833466998
2024-03-27,8114.250928081028,7805.103106462228,8401.269775551786
2024-03-28,8054.23167469365,7752.867522031841,8367.034613857642
2024-03-31,7755.556869416963,7446.443752509765,8066.064740185623
2024-04-01,7749.955155545439,7450.382788128363,8049.356759964097
2024-04-02,7774.580400265755,7461.830241322185,8057.528086771631
2024-04-03,7765.258546842428,7472.086635154848,8053.22067114857
2024-04-04,7710.972586461945,7429.342035676305,8000.45940760423
2024-04-07,7442.644319785022,7140.207834780267,7748.534984135447
2024-04-08,7451.159536914412,7150.388674674044,7750.877620505338
2024-04-09,7491.654171255682,7203.419604446004,7793.474801386073
2024-04-10,7522.235845205641,7245.0852183045345,7824.9345475141445
2024-04-11,7509.230961376027,7235.793391351938,7823.5958160209175
2024-04-14,7370.852140907973,7083.265739625533,7669.609160166977
2024-04-15,7423.949798432177,7138.641563994474,7709.567448424512
2024-04-16,7509.258698023429,7238.153892396918,7804.291836417611
2024-04-17,7562.180124194721,7256.612038862613,7852.734056226412
2024-04-18,7571.255563659466,7273.948521617383,7862.56453095164
2024-04-21,7495.150189242065,7200.897737425902,7776.57573218748
2024-04-22,7566.909835528923,7267.112309481873,7853.1956321241605
2024-04-23,7669.468735483222,7381.286223192982,7959.625522476321
2024-04-24,7738.0276633155645,7435.796922942141,8001.935056814558
2024-04-25,7760.942436286675,7459.9849851835515,8058.4036488049505
2024-04-28,7713.97431962602,7434.521904480913,7977.911122035166
2024-04-29,7790.890917655029,7508.333554499176,8101.036908413505
2024-04-30,7896.172296477432,7604.74548176974,8187.998470063201
2024-05-01,7964.963328731196,7685.942381213627,8257.721817621536
2024-05-02,7985.591491152505,7689.872970595021,8252.20782863039
2024-05-05,7916.805767830936,7628.64739348104,8222.385402336238
2024-05-06,7981.666898941375,7674.185420525931,8259.605975356308
2024-05-07,8072.679746698563,7798.946898414012,8379.061744834522
2024-05-08,8125.141952345685,7842.118284195038,8434.588371674135
2024-05-09,8127.563139852318,7850.322645190118,8420.415164928168
2024-05-12,7995.116136153674,7680.766428099623,8268.748286662105
2024-05-13,8036.60599115078,7748.5212583641105,8313.710862886222
2024-05-14,8103.653017187484,7821.519683684248,8360.347569721527
2024-05-15,8131.865619150176,7848.350810273117,8400.620018480247
2024-05-16,8110.073202811195,7790.250902304295,8389.775052571515
2024-05-19,7908.435490294925,7597.999863919435,8206.30959823536
2024-05-20,7929.066859554281,7624.665948370628,8203.212649202913
2024-05-21,7976.855929882269,7681.139269674925,8279.539475919084
2024-05-22,7987.681405702845,7673.431962725881,8287.459387859815
2024-05-23,7950.61710652729,7666.837384664163,8253.844922790095
2024-05-27,7733.417222980324,7417.810449503781,8020.711409276974
2024-05-28,7778.980756853613,7474.897630278921,8059.311257136856
2024-05-29,7790.400823783857,7478.704443317406,8079.347376172621
2024-05-30,7756.718339874971,7465.2180347092035,8033.496262282484
2024-06-02,7549.790860377336,7247.475138344925,7822.478654914506
2024-06-03,7578.710195837898,7290.242005296057,7858.651868105552
2024-06-04,7607.082887088486,7309.680272885543,7901.021432749111
2024-06-05,7603.0231372931075,7327.331235459635,7882.600224601021
2024-06-06,7555.275688718896,7266.532059177736,7873.261155574195
2024-06-09,7311.4087766352095,7021.543791011432,7608.836268802531
2024-06-10,7328.641892529782,7041.368983752279,7614.253749376302
2024-06-11,7377.57170228849,7077.639055377559,7661.945619100425
2024-06-12,7393.4946727879105,7113.272616592298,7682.386750076561
2024-06-13,7364.848561356071,7066.762013945597,7650.811378920142
2024-06-16,7170.311818083295,6886.101896959033,7480.561348428494
2024-06-17,7200.597593235514,6891.818845377316,7516.287042847518
2024-06-18,7260.613289497519,6953.359463080437,7540.524711999744
2024-06-19,7285.555457318387,7016.463830291734,7589.866019332717
2024-06-20,7263.806141451381,6969.947934474779,7548.763676502259
2024-06-23,7077.331402875874,6784.550737638268,7341.75899681708
2024-06-24,7106.342553356375,6816.015045521637,7390.822102584886
2024-06-25,7163.323794087537,6900.054884204254,7478.298656445923
2024-06-26,7183.655289273483,6882.614040770216,7470.500063480834
2024-06-27,7155.9303147382525,6874.838392990308,7469.242458949778
2024-06-30,6945.751730613948,6633.956658917743,7229.942008244871
2024-07-01,6965.799716157571,6672.471628143993,7264.019120804081
2024-07-02,7013.727335830956,6709.248951485937,7278.665221518905
2024-07-04,6988.970185007376,6690.121231359861,7302.761305796031
2024-07-07,6757.97066048413,6457.392577003509,7054.153305867835
2024-07-08,6773.201911801423,6483.457310403646,7054.913730473913
2024-07-09,6817.593294992406,6499.210327289135,7109.844884805513
2024-07-10,6826.863695889684,6526.712991207036,7132.807828732807
2024-07-11,6789.897919081437,6499.896105020989,7076.037259908117
2024-07-14,6565.030709774441,6272.744179618292,6868.536493484009
2024-07-15,6584.944625224785,6292.239389829975,6872.569079723044
2024-07-16,6635.182124138992,6356.95609124134,6921.978185236288
2024-07-17,6651.332857265935,6346.925275624522,6946.971991029751
2024-07-21,6424.22845581119,6140.491833459901,6699.7199720086455
2024-07-22,6453.767979600835,6153.253116121784,6727.7084592977
2024-07-23,6513.6607242359605,6216.199093420202,6812.419410849872
2024-07-24,6539.332408050028,6250.92438134465,6838.461693758228
2024-07-25,6519.3682148981525,6232.643221375969,6826.016695920855
2024-07-28,6346.17179102867,6061.5574702074455,6635.404593657917
2024-07-29,6383.069768670591,6106.110542336094,6690.338272808021
2024-07-30,6449.547424392279,6139.8338748858705,6758.81237426643
2024-07-31,6480.998026540013,6191.716757706078,6769.698887791264
2024-08-01,6465.996513341855,6168.8420010265845,6778.5756588636805
2024-08-04,6302.99712940967,6017.53093244141,6602.688871235281
2024-08-05,6341.440942954054,6071.692183427468,6619.471886588998
2024-08-06,6408.878733328722,6132.647875552609,6718.323181495211
2024-08-07,6440.7902037419635,6147.072084765609,6753.556301024379
2024-08-08,6425.843606976756,6125.186117018904,6727.618271382778
2024-08-11,6261.547025110909,5969.484519277166,6557.140727158584
2024-08-12,6299.389475093201,5998.227356965843,6600.498977287601
2024-08-13,6366.288601642011,6081.027499848122,6652.2839594056895
2024-08-14,6397.80073996072,6123.791223571358,6672.501183407091
2024-08-15,6382.660687388681,6096.765076900305,6670.898156230341
2024-08-18,6219.51306197344,5922.430103529419,6533.051701315561
2024-08-19,6258.419784564095,5977.7082173404915,6539.38841536021
2024-08-20,6326.746873696004,6028.888724750235,6612.533868910093
2024-08-21,6360.048225620091,6064.496195691641,6650.013511602973
2024-08-22,6347.046840530266,6050.72097244857,6645.725433308969
2024-08-27,6306.184459964774,6027.022539201186,6616.63897593604
2024-08-28,6343.136827109653,6038.924270074064,6661.86920358711
2024-08-29,6333.917917455344,6036.054652525122,6643.956921162785
2024-09-02,6237.083213530526,5971.383239995548,6513.545541627388
2024-09-03,6312.91118542869,6016.677104699062,6602.258539715764
2024-09-04,6353.866275549517,6064.215890754782,6648.861014656005
2024-09-05,6348.62380913799,6045.241929059549,6629.665443534093
2024-09-08,6217.2489242998345,5938.477947038602,6496.017236192918
2024-09-09,6267.213576657406,5977.400648428381,6556.962315840912
2024-09-10,6346.7157975972095,6071.304813584191,6649.077603981266
2024-09-11,6391.238036706483,6090.000845402618,6674.9817973785275
2024-09-12,6389.430275100491,6108.866412521755,6685.231913432968
2024-09-13,6584.680020512007,6279.270905668907,6882.283164384377
2024-09-15,6267.2145370620865,5987.526148926279,6552.873479569023
2024-09-16,6319.6985176925255,6025.49380137206,6601.848880345741
2024-09-17,6401.359562980105,6095.289715174636,6684.812597862571
2024-09-18,6447.61441512432,6167.883665631518,6732.519544957049
2024-09-19,6447.042404776485,6145.463994363393,6735.305271443697
2024-09-22,6336.032642952023,6065.328668851184,6650.054333593999
2024-09-23,6390.760962253018,6126.890119976023,6686.970492513853
2024-09-24,6473.805259824899,6170.656781306567,6801.204906095806
2024-09-25,6520.523423118228,6231.103352468486,6815.090566204381
2024-09-26,6519.446614666822,6219.998067271207,6835.146472780818
2024-09-29,6389.618106521721,6103.268328655773,6683.037983728518
2024-09-30,6436.044399671858,6123.730327552395,6734.4295235855625
2024-10-01,6509.819838433074,6227.560076358141,6788.188509980917
2024-10-02,6546.363050698806,6248.798218208217,6829.403002066899
2024-10-03,6534.288045637087,6241.277397190143,6826.843497220453
2024-10-07,6401.058955952192,6104.929049923339,6696.645415108677
2024-10-08,6461.683136372377,6188.592309827727,6750.026653993263
2024-10-09,6485.155250739636,6195.917874203254,6797.0660064489175
2024-10-10,6460.28555063519,6140.348883295025,6721.312580998926
2024-10-13,6258.939013018146,5972.10159487638,6543.465059312293
2024-10-14,6282.6036160023095,5978.399425324708,6586.422518022171
2024-10-15,6334.733516618942,6017.897457128951,6628.93171127894
2024-10-16,6351.087685778991,6059.486014378395,6633.650454840909
2024-10-17,6320.605849833307,6005.380263275958,6629.701563581715
2024-10-20,6112.34771318247,5802.051375815545,6391.571733361891
2024-10-21,6137.161102286461,5836.089961269187,6439.331591399299
2024-10-22,6192.156888680683,5892.123881866586,6495.181540542333
2024-10-23,6213.038742292101,5914.923295760536,6516.226716244443
2024-10-27,6006.8392574943355,5720.01815101655,6316.736194844771
2024-10-28,6042.614780491307,5746.329921732106,6342.779699141624
2024-10-29,6109.319137590139,5829.845210307081,6378.122634306967
2024-10-30,6142.4408992951085,5868.309258791044,6436.831343950275
2024-10-31,6130.612729372045,5844.471097467547,6454.045516164336
2024-11-03,5986.177546066491,5698.706993718837,6292.785853679451
2024-11-04,6033.668734567848,5733.547662710573,6324.9136250771935
2024-11-05,6111.435830488773,5822.271674120359,6402.93371126762
2024-11-06,6154.837997635198,5867.762913345013,6456.633669692422
2024-11-07,6152.409616762451,5869.202647576761,6451.00990538417
2024-11-11,6083.508853077237,5786.889875205934,6388.231242060361
2024-11-12,6166.024682248382,5856.187968039718,6453.3869712065425
2024-11-13,6213.4423844063585,5916.077789775743,6515.72674720416
2024-11-14,6214.435633459752,5901.692780940982,6523.466697560491
2024-11-17,6100.874557950794,5813.821342764148,6399.974706643759
2024-11-18,6158.7602537938765,5856.626640911153,6474.406632086964
2024-11-19,6246.425115180509,5967.443758903964,6545.666243912313
2024-11-20,6299.530245365794,6010.118844978782,6576.017966671192
2024-11-21,6306.924861630927,5977.8647420996,6595.6559124963815
2024-11-24,6218.223949878092,5939.431692852048,6503.515108403958
2024-11-25,6284.602256089761,5995.938068221553,6587.114299780743
2024-11-26,6381.883555023971,6077.594993315632,6678.637386554887
2024-11-27,6445.680869792666,6142.575485328578,6736.780668789388
2024-11-28,6464.744528577057,6186.822878084736,6724.811952107194
2024-12-01,6415.155986118102,6116.242911899684,6695.791219803581
2024-12-02,6495.110735778277,6199.095324482069,6777.784534250881
2024-12-03,6605.713555315775,6304.0226373447185,6896.374810428886
2024-12-04,6682.208195954299,6372.837249945549,6986.0521227352765
2024-12-05,6712.949066485457,6419.267116302128,7011.646224119389
2024-12-08,6688.094327858223,6382.6459375923505,7006.162751181055
2024-12-09,6771.46326965927,6473.767403333901,7084.617953714268
2024-12-10,6882.399074917859,6570.840653764284,7165.7461935372
2024-12-11,6955.787316552065,6662.7229026651,7241.779011878966
2024-12-12,6979.665903613099,6675.342293949037,7286.384419343854
2024-12-15,6909.338925214068,6621.538919629007,7189.960280700633
2024-12-16,6968.7977163835585,6682.93127970047,7252.886938819163
2024-12-17,7051.402316249558,6754.699837599984,7348.76413744239
2024-12-18,7092.130582270855,6793.044009872562,7384.822555659976
2024-12-19,7079.194788634175,6761.440127603223,7393.651825805155
2024-12-22,6876.451614049586,6575.936625778272,7169.098651327436
2024-12-23,6885.811184681358,6575.062052181308,7179.665989913398
2024-12-24,6916.18799250721,6607.873828484405,7194.832351294301
2024-12-25,6903.156307518097,6594.510517695979,7164.032167058685
2024-12-26,6835.568186933511,6544.038299117572,7137.88596337549
2024-12-29,6470.320767982886,6181.807495181801,6766.18783095455
2024-12-30,6428.314887313989,6128.538890045219,6734.085052958417
2025-01-01,6351.193236348223,6065.008253934928,6652.879679157888
2025-01-02,6241.748147997311,5975.167915331695,6512.83274586316
2025-01-05,5778.756260320606,5491.0224533090595,6078.222754622031
2025-01-06,5714.790317740391,5434.783848457414,6014.159180469938
2025-01-07,5680.158869737086,5383.261208997823,5993.536988348475
2025-01-08,5611.225114426894,5326.210647709346,5924.631749116357
2025-01-09,5461.665549853408,5156.758377065825,5772.858661616896
2025-01-12,4913.28096695431,4620.888538773907,5205.319448187608
2025-01-13,4831.758012482675,4540.8631326066325,5134.872404275036
2025-01-14,4784.446696747287,4507.646870292961,5104.512421709539
2025-01-15,4707.256913925277,4415.700867090078,5014.98221614815
2025-01-16,4589.180300552789,4282.689853720458,4862.059748726538
2025-01-19,4152.947431385578,3852.5078754295755,4450.215508496883
2025-01-20,4112.653308647154,3794.446528094492,4388.854899413847
2025-01-21,4107.441592988044,3816.8047598829653,4404.360142823226
2025-01-22,4072.6025535761014,3762.8536797574056,4351.141201096046
2025-01-23,3996.5321131562587,3712.9226883763527,4303.196240030027
2025-01-26,3678.868837339632,3393.448231411226,3968.05992825549
2025-01-27,3674.074735199751,3389.8012141429995,3965.5160660216793
2025-01-28,3701.732731232913,3391.7270725424473,3985.5651324897253
2025-01-29,3696.8631826381493,3419.0100682021425,3978.2973122351477
2025-01-30,3647.663618081708,3360.0453993750425,3961.9581707024527
2025-02-02,3391.111862744278,3090.2826983224954,3687.899296199002
2025-02-03,3400.2286702521424,3105.6777704986366,3695.7475450148063
2025-02-04,3438.746129296655,3150.11148116064,3714.4772541759244
2025-02-05,3441.8743676428294,3121.67428185243,3746.076436003077
2025-02-06,3398.0458360287685,3119.3619272700853,3689.3207187265853
2025-02-09,3144.6963080993823,2833.795048701609,3437.48467916302
2025-02-10,3151.6308369907247,2853.056275469782,3445.3182353552766
2025-02-11,3186.8882599498497,2897.1105870441193,3483.336707559202
2025-02-12,3186.000377478377,2890.0778407020407,3476.5914557391443
2025-02-13,3137.705333335595,2856.5077919617606,3416.6573898313395
2025-02-17,2874.0896898217293,2581.1964876757966,3163.56864268286
2025-02-18,2906.1944370322663,2603.249591159864,3212.8403950475554
2025-02-19,2902.8604917005878,2608.118697824248,3188.2351315364326
2025-02-20,2852.872369340104,2531.484629044704,3124.8510302977047
2025-02-23,2585.3428364507445,2303.0292980654895,2888.8347203023686
2025-02-24,2589.4433730030673,2294.8627967740103,2884.4175876302606
2025-02-25,2622.857783612139,2347.358222845969,2922.3609791256135
2025-02-26,2621.0384549654937,2333.5656816107316,2914.9093768734656
2025-02-27,2572.580111370592,2270.810071665837,2864.206895566237
2025-03-02,2307.6800235546725,2003.6044935692946,2594.7978537497847
2025-03-03,2311.3148901190166,2014.9504416717843,2622.175102895315
2025-03-04,2343.2677880655333,2035.0775520271286,2627.20537877679
2025-03-05,2402.9425504033584,2100.5715135315213,2690.4188894859835
2025-03-06,2414.6646897608316,2107.1140074135064,2696.035147079988
2025-03-09,2321.39102112589,2033.5453050368617,2631.650874559551
2025-03-10,2379.0854269892993,2072.4667195178454,2671.9385141160656
2025-03-11,2463.5241690425787,2158.498722378941,2746.8850321194923
2025-03-12,2510.0446432808667,2226.7839218392246,2803.5237242021003
2025-03-13,2507.1859373477537,2198.2596633309086,2808.1068664292193
2025-03-16,2363.0217226039977,2077.8651543350397,2674.206436010324
2025-03-17,2401.985259368939,2118.28518695777,2698.72569733167
2025-03-18,2467.176492753059,2164.0411260991746,2771.8746146761337
2025-03-19,2494.1795542919285,2203.4299855086665,2791.1987542848615
2025-03-20,2471.7912887594825,2144.452812076426,2762.6710760258547
2025-03-23,2271.604239621471,1963.098008358434,2569.3850453718387
2025-03-24,2293.61451872195,2015.411381874286,2591.128218239577
2025-03-25,2343.1227167833963,2061.266970168278,2628.3313570521022
2025-03-26,2355.936003719465,2076.58587658569,2646.8894226865405
2025-03-27,2321.0538870033806,2028.4047795233575,2621.8715561660592
2025-03-30,2095.2210448458236,1784.355892152484,2381.8412280103785
2025-03-31,2113.04398915036,1809.1274403864431,2440.3484846161523
2025-04-01,2160.6797177321487,1874.0493337048756,2467.580926527687
2025-04-02,2173.970146052542,1884.85863375923,2445.6654778101133
2025-04-03,2141.918931067091,1852.9068073990636,2420.77139787863
2025-04-06,1938.2988438933758,1637.8267368195736,2226.0761191725014
2025-04-07,1967.8257615196885,1689.7359739840988,2253.33616276749
2025-04-08,2029.114523162667,1746.1661370130396,2326.935514839394
2025-04-09,2057.852304833346,1764.929484238542,2339.8755442107617
2025-04-10,2042.8682738299574,1747.3150562651504,2335.413728921792
2025-04-11,2227.7032934546196,1936.8752205128549,2525.485550819073
2025-04-13,1898.1775668866007,1602.675133764511,2196.348095461871
2025-04-14,1949.1948111503448,1680.8149675581635,2255.2872044452747
2025-04-15,2032.5091649372544,1713.5241864466768,2335.1021478294183
2025-04-16,2083.565488082955,1779.5461036320278,2362.753972523296
2025-04-17,2090.9477188820442,1788.6478889576867,2393.058810667088
2025-04-20,2011.193874616838,1716.2871709755052,2299.349101884271
2025-04-21,2082.3368419878984,1816.6662996643947,2387.849399449818
2025-04-22,2184.633307972405,1888.224261671769,2440.0122920518984
2025-04-23,2253.31196118173,1977.7034983440085,2562.922765886474
2025-04-24,2276.752837937802,1986.0252382848957,2582.1399481494727
2025-04-27,2233.9809565589107,1921.5112992940974,2494.721386737735
2025-04-28,2313.205757228897,2025.1539893563079,2613.6092513355484
2025-04-29,2421.255964444903,2128.803004490649,2730.406929874537
2025-04-30,2493.271999815162,2227.9378001593223,2785.186740643144
2025-05-01,2517.571331374131,2216.52633653499,2816.4899378696455
2025-05-04,2462.2913556559542,2164.7699604409295,2772.380264980859
2025-05-05,2532.395604728188,2249.918534051166,2830.9492241971398
2025-05-06,2628.9639417711305,2328.00984330301,2936.0237736960125
2025-05-07,2687.251562056167,2384.77869653804,2977.7776902095075
2025-05-08,2695.7211915462894,2414.274653023937,2984.2393476188836
2025-05-11,2582.2335079155296,2287.0002685691265,2899.603714615161
2025-05-12,2630.126034015974,2349.886675031793,2942.7317413897586
2025-05-13,2703.5188179419174,2406.9496245304717,2999.5851361129066
2025-05-14,2737.960568123906,2452.386955849841,3031.241217986667
2025-05-15,2722.22183548112,2427.781991350401,2999.2298700257293
2025-05-18,2537.1366446033658,2273.1656230321623,2827.3917231023183
2025-05-19,2562.581690373193,2265.6879701551475,2847.9133704088863
2025-05-21,2629.5180800280277,2334.7460461237183,2919.1185331040856
2025-05-22,2595.9005086219977,2337.329772306536,2895.6710197784764
2025-05-27,2433.812938752362,2115.4572419061933,2716.064076711624
2025-05-28,2445.6399650372327,2159.0861853731267,2746.8439269813775
2025-05-29,2411.913263544598,2159.723917743487,2729.6762565784793
2025-06-01,2202.546199741225,1907.6898742149788,2479.309400576168
2025-06-02,2230.047009939459,1930.2647232936727,2524.4828003572256
2025-06-03,2289.285340853464,1970.0096497934846,2578.1606454413113
2025-06-04,2315.943516758943,2007.7275071582917,2594.9265746029296
2025-06-05,2298.8291541061435,1988.5657506907014,2563.507914955539
2025-06-08,2146.980747816966,1832.9784017837912,2429.839492061892
2025-06-09,2195.127221016677,1895.5378446367763,2494.4278183653037
2025-06-10,2275.182632834272,2004.5515755126253,2553.940931956885
2025-06-17,2385.211572985124,2097.5039950621726,2696.2876476976826
2025-06-19,2456.6933104395416,2160.355219915247,2747.845937148177
2025-06-22,2375.248547912487,2073.263422881969,2680.128393186945
2025-06-23,2439.834140174064,2156.7263089471453,2727.0078043343315
2025-06-24,2532.603547756172,2232.527192451408,2820.8736035716825
2025-06-25,2588.890397885925,2304.1578112068764,2886.3447033402786
2025-06-26,2569.406200909818,2278.824703768373,2877.8159145428444
2025-06-29,2384.167270874342,2080.1041562630667,2667.640204717193
2025-06-30,2412.4414633068686,2125.371482397847,2723.936214529425
2025-07-01,2468.478313496624,2184.1889521414037,2758.221218150134
2025-07-02,2487.876555583822,2191.9866204121995,2822.7750027342927
2025-07-06,2250.353844302484,1960.220208257745,2572.8823999368337
2025-07-07,2272.3768075917096,1989.9032589836681,2547.8498386097267
2025-07-08,2323.293548607403,2010.9554613218054,2618.741847481328
2025-07-09,2338.8264295108766,2048.1130487839037,2640.219834120148
2025-07-10,2307.869677413362,2008.434559121759,2617.0584839532535
2025-07-13,2099.6819288698257,1786.7795765089988,2390.7631473806373
2025-07-14,2124.7860039568704,1851.7998280074319,2443.7641142797643
2025-07-15,2180.076896720765,1857.8698934589388,2479.1168136652364
2025-07-16,2201.176336901416,1900.2473673291965,2492.190863764813
2025-07-17,2176.8545557575967,1895.10413446455,2475.5410471434466
2025-07-21,2027.9269866952036,1712.6824027292957,2307.6410049759215
2025-07-22,2092.8094160194682,1792.639528834124,2384.9808018694657
2025-07-23,2123.5724482141204,1810.204056861847,2430.0532655032403
2025-07-24,2108.8199679945187,1807.272840210644,2379.339460284118
2025-07-27,1952.1062256769774,1663.410294152891,2259.3115402642625
2025-07-28,1994.3529185398268,1692.3422942124487,2281.5479376098283
2025-07-29,2066.3308229223685,1753.2754918784947,2362.953674224527
2025-07-30,2103.4274291624697,1807.5830090506693,2394.156948972234
2025-07-31,2094.2085353004595,1801.4442776733995,2383.143222250939
2025-08-03,1949.2445892390929,1624.2403249631375,2240.594209402447
2025-08-04,1993.8754906046156,1696.3065128783062,2281.389199704967
2025-08-05,2067.5580700180444,1763.607079266771,2351.852216431142
2025-08-06,2105.753467825057,1809.8655336332183,2373.0889323389265
2025-08-07,2097.111727786488,1814.1415128842325,2403.5391334805986
2025-08-10,1951.6883338459384,1651.7500845088919,2260.9416150958614
2025-08-11,1995.7601419636208,1716.928768061435,2273.652023340347
2025-08-12,2068.8387001128,1778.8896709345138,2359.3888390199304
2025-08-13,2106.4722110607668,1808.635855765557,2370.89795295318
2025-08-14,2097.389651353088,1774.5984205986147,2380.8127156805035
2025-08-17,1952.0065281843622,1652.982655898639,2263.037441401016
2025-08-18,1996.700675619667,1716.8475255098479,2285.8971557685472
2025-08-19,2070.7534135206333,1777.6368323654588,2356.50959253721
2025-08-20,2109.7238002426825,1820.2867615418863,2437.4410854795597
2025-08-21,2102.34090508102,1799.997648663402,2395.76609296747
2025-08-24,1964.0975042256719,1688.823315059217,2244.9509441718096
2025-08-25,2011.7708738704387,1730.6532138458517,2313.978916582564
2025-08-26,2089.0497741934814,1777.7290591512121,2394.835622640612
2025-08-27,2131.4576722797624,1844.4185178227253,2430.669374953887
2025-08-28,2127.6875453703306,1848.2180552833645,2434.4882810271106
2025-09-01,2052.6505259339287,1765.7477971638618,2336.617944436458
2025-09-02,2133.940353514908,1827.564957218431,2446.5650378753703
2025-09-03,2180.365509221849,1891.0327798787437,2471.9456633517602
2025-09-04,2180.6027617028135,1883.653765345336,2479.293317421301
2025-09-07,2065.745155101648,1796.998465062773,2366.902641926563
2025-09-08,2121.251972106504,1823.058790107392,2407.1770002268445
2025-09-09,2206.32231526112,1900.4917105083675,2499.924058698814
2025-09-10,2256.44518300989,1942.611696849186,2542.458514535293
2025-09-11,2260.278510165498,1961.5549568447132,2563.5175201747725
2025-09-14,2155.3293035048728,1863.614940717124,2428.4895447427484
2025-09-15,2213.7230064548176,1893.3911233640292,2496.3032306233417
2025-09-16,2301.3932293551866,2025.562217744324,2603.8909294688733
2025-09-17,2353.770986681501,2063.4126217019802,2636.222928501733
2025-09-18,2359.4499329253995,2077.6538653635253,2654.1495922442246
2025-09-21,2256.8690328361604,1965.153815720626,2546.216455695739
2025-09-22,2314.746391564088,2014.9834248729378,2596.4101431396884
2025-09-23,2401.1237581609403,2121.485002691031,2683.7700694839373
2025-09-24,2451.3636473488973,2156.1726663106583,2735.344719999802
2025-09-25,2453.9985985980456,2168.803732016884,2758.064959209528
2025-09-28,2336.403646717753,2043.4439056955312,2620.6451072990167
2025-09-29,2387.2398235633773,2075.6217522271627,2671.9561579822052
2025-09-30,2465.5637948263507,2181.4248720213395,2756.894810123448
2025-10-01,2506.7716998064952,2179.044742035273,2794.3088398967952
2025-10-02,2499.4513197937226,2205.9393046426662,2812.957183098984
2025-10-05,2347.332588806822,2057.4488195822382,2660.127322362845
2025-10-06,2385.508617944368,2077.765933274307,2699.7394311384996
2025-10-07,2450.844939717722,2162.543223668608,2748.8558305887395
2025-10-08,2478.911385580457,2180.5530827880452,2798.6564825379587
2025-10-09,2458.4817056366296,2182.969517502797,2733.9636316398746
2025-10-13,2296.362018122415,2012.9709056320175,2600.8583781637913
2025-10-14,2351.6994274129147,2044.3364292546817,2641.0649634311358
2025-10-15,2364.1004366901557,2078.2142967474724,2664.0100059504316
2025-10-16,2329.3456435185212,2045.221581078734,2618.0396306196108
2025-10-19,2106.3505783074766,1804.918069172236,2401.7894417080156
2025-10-20,2125.6436553439576,1814.1653985572555,2412.393647736529
2025-10-21,2174.845805724868,1878.395981334986,2463.065107427917
2025-10-22,2189.6873243029167,1904.065035102821,2473.4823283807873
2025-10-23,2159.051736108047,1894.9934454626762,2462.6342350808723
2025-10-26,1957.5386269684457,1629.7822245968275,2249.7646314372073
2025-10-27,1986.574125222144,1715.4909036103438,2283.645392380256
2025-10-28,2046.51925048056,1759.332723914021,2340.6927765697965
2025-10-29,2072.902596803582,1784.7290455504813,2382.130369681917
2025-10-30,2054.394590025284,1777.7065537171886,2343.710907004704
2025-11-02,1890.5939920178948,1606.67893415699,2216.1555030651584
2025-11-03,1931.9378233498142,1628.5178292983392,2220.2028763937724
2025-11-04,2003.738311177119,1714.9089438252195,2303.619349779892
2025-11-05,2041.3609024851366,1766.2940835487886,2331.85812547979
2025-11-06,2033.3393682788264,1725.409721151904,2311.2206893020802
2025-11-09,1895.5863813522474,1618.312266054687,2186.9016661782334
2025-11-11,2021.301534836631,1719.8037109690772,2302.8738567922983
2025-11-12,2063.8746525246884,1794.2372024720082,2362.9053243687968
2025-11-13,2060.0399430955026,1746.7913390162996,2356.2239034471113
2025-11-16,1931.7119804292688,1642.6954426491438,2227.7374419473795
2025-11-17,1982.4936032556366,1680.4940175176932,2260.835067296776
2025-11-18,2062.892307748629,1757.835130816434,2375.634874505232
2025-11-19,2108.544198563628,1825.050936332957,2411.1484165791107
2025-11-20,2108.2800275339805,1797.4167839406546,2408.533101912439
2025-11-23,1995.3033878790952,1714.3218125028181,2322.6760499737784
2025-11-24,2053.1792306807415,1767.1214721948365,2352.509146168543
2025-11-25,2141.7878546829415,1838.8095530586993,2419.3816886797867
2025-11-27,2206.9441242610746,1916.8688597233236,2492.103664490892
2025-11-30,2130.6962086560334,1804.4451569955565,2435.3814301122798
2025-12-01,2202.0002945701603,1900.495853760614,2497.858301071908
2025-12-02,2304.195234772617,2010.3779784235726,2596.293585681764
2025-12-03,2372.6038231157727,2095.0185173856867,2649.570278954837
2025-12-04,2395.6597507170977,2104.059505125969,2703.124886809035
2025-12-07,2350.9129118144715,2058.139873140202,2639.127772160389
2025-12-08,2428.931633592467,2147.211162750657,2716.104063051321
2025-12-09,2535.251158121356,2224.8940823684143,2828.6468862417614
2025-12-10,2602.9180401698513,2320.1520640057674,2898.4240294151364
2025-12-11,2621.8788937010663,2331.667494847152,2913.00949946078
2025-12-14,2541.700850152871,2238.7364615672136,2818.4057390001153
2025-12-15,2599.4628120490183,2296.320529865811,2928.4836230251076
2025-12-16,2681.1023680730473,2387.7390672742263,2963.1304064803953
2025-12-17,2721.5378467465052,2426.4727228206775,3001.5861723345606
2025-12-18,2708.907783342039,2431.69204736587,2988.8062122490824
2025-12-21,2509.745936889962,2219.9867166255044,2799.420008880144
2025-12-22,2520.8257253004067,2231.8125072460402,2814.4151738348432
2025-12-23,2552.9853279476033,2258.180528430135,2832.0477144945057
2025-12-24,2541.6711699248553,2231.7393515892118,2831.1396529361923
2025-12-25,2475.605725517415,2180.1684125934216,2770.453634349354
2025-12-26,2598.360281894933,2319.1441370464045,2894.7664138677424
2025-12-27,1781.4370579470137,1505.976061732431,2088.7724242448844
2025-12-28,2112.486134937761,1801.9075885565699,2405.7978732488327
2025-12-29,2069.977440836571,1790.4069989824602,2357.0302439439583
2025-12-30,2050.2411394317023,1760.97316170813,2346.0754451009566
2025-12-31,1989.404771054033,1678.639453113864,2316.404477003645
2026-01-01,1876.8437494395225,1553.7555025418658,2198.7654712133512
2026-01-02,1956.7417620395909,1656.8750807945858,2270.2329359190467
2026-01-03,1101.1612747705212,780.2712913203419,1391.8384153351512
2026-01-04,1398.2498567730122,1093.9601610329084,1705.4771378331907
2026-01-05,1326.9028031595094,1008.25518369974,1622.7036960974813
2026-01-06,1283.7956144680484,954.0610726346168,1613.6584343250365
2026-01-07,1205.3148538625853,874.1887630795931,1508.945331238131
2026-01-08,1081.0041230003847,721.0406644296536,1404.710820131582
2026-01-09,1155.1217995725242,807.622498326122,1461.1039131597338
2026-01-10,299.71078997429845,-51.75657579453731,659.7412405468334
2026-01-11,602.8060209286751,234.32304129848677,932.8206797654506
2026-01-12,543.1001120452911,190.87069712053153,917.4695999040505
2026-01-13,516.9807087657622,118.11223114071987,859.4509039353103
2026-01-14,460.4678763164689,98.59029772795135,821.6798976428005
2026-01-15,362.6681372556087,-23.50089198528375,732.8469022942876
2026-01-16,467.3416032251462,76.04714603616911,863.3618247728411
2026-01-17,-354.0177670699842,-740.8032302421062,24.74467533977269
2026-01-18,-13.963304841428837,-423.1426520693883,393.346362591166
2026-01-19,-34.41798367202526,-467.2253606258097,394.6900946330865
2026-01-20,-19.624781482949373,-448.57562419191777,380.88588113432627
